Subject DN, SHA-256 Fingerprint, Validity Start Timestamp, Validity End Timestamp
CN=prometheus.sfj.corp.censys.io, 73362db0b8520b5e71b655e20b891655758c4568287c0486e34185ed40bd3a35, 2019-01-16T23:09:50Z, 2019-04-16T23:09:50Z
CN=support.censys.io, 910c005284e7d656b5c36929aa90cf995413e001d2fab9487e8fed4f373f3c78, 2019-01-11T13:40:19Z, 2019-04-11T13:40:19Z
CN=censys.io, e80ccddfc88f325108db2f2a4c8149b8c5cf60cd4be1ab7f99ac73f8afc8e1a5, 2018-12-25T14:18:55Z, 2019-03-25T14:18:55Z
CN=censys.io, bb36824afe68a5fa948f5a01af2e165a892e95f937e5f4af7e5574b2ea63fd06, 2019-02-23T10:02:38Z, 2019-05-24T10:02:38Z
CN=data-01.censys.io, 4ce05aebebd36456ff1fa9a925a945a4e56de44c5e6144d2fccbc074ee794251, 2019-01-10T13:54:05Z, 2019-04-10T13:54:05Z
CN=about.censys.io, 5c1f3cea2141db07f380566597fd235c86397aa401a9bcbf0a7bafcd1980a24a, 2019-01-16T04:05:13Z, 2019-04-16T04:05:13Z
CN=censys.io, d99b09e611f6e30fc6ee121765423dee148e605a992a84b329c7a5c80faf44c0, 2019-02-23T10:02:38Z, 2019-05-24T10:02:38Z
CN=censys.io, 3562ad032cec8c79b30229f1c194fe6bee0807575f3edbdca691de3b4af1d7e8, 2018-12-25T14:18:55Z, 2019-03-25T14:18:55Z
CN=support.censys.io, b290d6e48694945432f3802ca09175d3d049a98155cfb99d762da5d05ecaa40a, 2019-01-11T13:40:19Z, 2019-04-11T13:40:19Z
CN=in.corp.censys.io, 27e64b813d26898b7d190afcdf432c051de7487ebec6cc45d44802cc617b401a, 2019-02-27T09:45:16Z, 2019-05-28T09:45:16Z
CN=nogae.in.corp.censys.io, b8bfe0a3e57ffdbd6a25c542f8482779abf29f25baef664ea6710b4727b98f9f, 2018-12-29T14:05:32Z, 2019-03-29T14:05:32Z
CN=www.censys.io, 48f30849604e1fcb00233f2889fbcc6b4d2da376492f3682ec12ccfe2920890b, 2018-12-22T06:43:33Z, 2019-03-22T06:43:33Z
CN=discover.censys.io, 9821b464fe5fa2fcb0e60c21df8b07b9609e9bf855bab6f0bf6c0d9a36f7dd14, 2019-03-01T20:16:51Z, 2019-05-30T20:16:51Z
CN=support-proxy.in.corp.censys.io, 8f177b6f4f362f31f2a5a9e18892e3eb88ab732cc7a423e443c2c8bb34f398ba, 2019-01-11T12:01:42Z, 2019-04-11T12:01:42Z
CN=prometheus.in.corp.censys.io, 5bad0f44ed62b9880eb6ef55d8775e9ba66d848859cc01553c4ce93797dabc40, 2019-01-03T16:25:53Z, 2019-04-03T16:25:53Z
CN=in.corp.censys.io, 9cdaf2f200effd14f1541803f3294d82d354e7348a63e44258709d98d0ac8864, 2019-02-27T09:45:16Z, 2019-05-28T09:45:16Z
CN=in.corp.censys.io, 481aaa00caf5e7927856fe2a4cdcb2299e7c58cd638f03bde3bf6592408d9347, 2018-12-29T10:42:58Z, 2019-03-29T10:42:58Z
CN=prometheus.sfj.corp.censys.io, e5837ff4ccc67289a42f7e4225e47f1cbc8b4846a3aa8399efa7f6d0e6e67cf8, 2019-01-16T23:09:50Z, 2019-04-16T23:09:50Z
CN=in.corp.censys.io, a015c38c5f57e164ca96aeb18ad1870557d87a3da5a33d106ba469de3c231b27, 2018-12-29T10:42:58Z, 2019-03-29T10:42:58Z
CN=influxdb.in.corp.censys.io, c5ee9f29d5134120e2854bc8affd91114b3bd300a82f62cfa128bfd3fa0b4f03, 2019-01-15T18:48:09Z, 2019-04-15T18:48:09Z
CN=prometheus.in.corp.censys.io, 35eb8f0f177593c4144d513cf3073387226325ec5dccd3230822bb2a06219a44, 2019-01-03T16:25:53Z, 2019-04-03T16:25:53Z
CN=es-frontend-01.sfj.corp.censys.io, 3993289206755018b35434d75ed4b907f92972226a96ce4730a018eb0515e203, 2019-01-14T04:10:54Z, 2019-04-14T04:10:54Z
CN=grafana.in.corp.censys.io, fedb73eaf017cd7534801653e298b36e2a44ee97a1d898c6f551d953e19a83aa, 2019-02-24T22:30:37Z, 2019-05-25T22:30:37Z
CN=deployinator.in.corp.censys.io, 7e6c4d11b5b805c9a82ca4433afd4278ff86de20b27f947b88078ce5f7e877a1, 2018-12-29T11:21:47Z, 2019-03-29T11:21:47Z
CN=www.censys.io, fd36adf39b9e2f6ef7bff0a9b830df753b18a418d763e8809c8efa72ce98fc39, 2018-12-22T06:43:33Z, 2019-03-22T06:43:33Z
CN=nogae.in.corp.censys.io, 02b201171a91cc04d476e679cfdfac107b756b811c9829a5a7c787e7321f3d4e, 2019-02-27T13:07:35Z, 2019-05-28T13:07:35Z
CN=grafana.in.corp.censys.io, 15e438b8673de74b07b60051bf222912ec16e3eb8cd6f0a865e123444afbdb2d, 2019-02-24T22:30:37Z, 2019-05-25T22:30:37Z
CN=support-proxy.in.corp.censys.io, 2ad38d7162a82817d9ec34ea31285cd15fef2889aa6909f4ad9c20aa4b85ed44, 2019-01-11T12:01:35Z, 2019-04-11T12:01:35Z
CN=es-frontend-01.sfj.corp.censys.io, ff0d12c383800c4c1eb01f7bfb908c17813f59b0d8829f526b78548d274d85f9, 2019-01-14T04:10:54Z, 2019-04-14T04:10:54Z
CN=alertmanager.in.corp.censys.io, 35b6c179730cb5835ff7fd225e65fccca6481e55de5ff92c5f93c0afef57134e, 2019-03-04T15:28:17Z, 2019-06-02T15:28:17Z
CN=alertmanager.in.corp.censys.io, 12a50674d9484a3302373613ce0a67ceb21bac26eb0f1695a2ec5c6f51aa7e1e, 2019-01-03T16:26:20Z, 2019-04-03T16:26:20Z
CN=www.censys.io, a4607a692652faf5bfdc20f5a53367c665ea1730ae333dff1c8de1aa0fde42fc, 2019-02-18T08:53:35Z, 2019-05-19T08:53:35Z
CN=www.censys.io, e971c448b0ca2ba5d7f2fcaa65d81c1006503260f3a1b29cf07ad089e6b26096, 2019-02-18T08:53:35Z, 2019-05-19T08:53:35Z
CN=about.censys.io, 2f8ffdd7f0592ca28e5ae24bfb1fcb65dffd3de450817834bb8788d8da0040ec, 2019-01-16T04:05:13Z, 2019-04-16T04:05:13Z
CN=discover.censys.io, 1282ad4491bc4035c3b571cc4dd78fbab91ea5dbdac033bc38e2d97cdcbff0a0, 2019-03-01T20:16:51Z, 2019-05-30T20:16:51Z
CN=deployinator.in.corp.censys.io, 6e72345b0bea4c7cef12f2fe28f419966b4682b857c447d1d5f41808ffa209f2, 2018-12-29T11:21:47Z, 2019-03-29T11:21:47Z
CN=influxdb.in.corp.censys.io, 3f313fdca500670f1ee3a63e654042abd66e0bfaa13cd97c62bc4371331b11ad, 2019-01-15T18:48:09Z, 2019-04-15T18:48:09Z
CN=nogae.in.corp.censys.io, 9c6b74e6c8d459349e884c8ecd5ea03b04e8d652a9afc7ddc1e0f82d1f22daa6, 2019-02-27T13:07:35Z, 2019-05-28T13:07:35Z
CN=daapi.in.corp.censys.io, 15e349488508265dc0ed1e9394eb7b4e7432b28a6172f1fc5304ff286baa85b3, 2019-01-12T19:58:26Z, 2019-04-12T19:58:26Z
CN=data-01.censys.io, 698312493b6752dbda7ae3bf1e37e554245708db4addbaaa6acb97356eb38849, 2019-01-10T13:54:05Z, 2019-04-10T13:54:05Z
CN=prometheus.in.corp.censys.io, 4bbf919c58f03c5dfe69aa1790313600ffd3f58c193a24ce9bf78da947a2d481, 2019-03-04T15:28:26Z, 2019-06-02T15:28:26Z
CN=support-proxy.in.corp.censys.io, 93e6e3a44fb87d176397e5dab76c430db567773e76850b45f16b1ddc0c5d8f0c, 2019-01-11T12:01:35Z, 2019-04-11T12:01:35Z
CN=prometheus.in.corp.censys.io, 46831113e675e4a7a0e090e054d26dba256107d8bcece0102be3036daa7f6d22, 2019-03-04T15:28:26Z, 2019-06-02T15:28:26Z
CN=daapi.in.corp.censys.io, 888f1b97b940db9724d35a86376195b696c7df107664e53a46f1aa0f459d20ae, 2019-01-12T19:58:26Z, 2019-04-12T19:58:26Z
CN=alertmanager.in.corp.censys.io, 20f8111974b9fc6a24881bd9e8bbab8570f6f4d71fa6fa60d1c4df4ebdcb4008, 2019-01-03T16:26:20Z, 2019-04-03T16:26:20Z
CN=es-frontend-02.sfj.corp.censys.io, edd058376d4bdddc6bbc78e991200ab1457412b5ad268c7d696786bea24cb5e5, 2019-01-14T04:10:58Z, 2019-04-14T04:10:58Z
CN=deployinator.in.corp.censys.io, 26a615e16a8737fd3274a8b8487d6699796591fcbdf97b037ce33030ba2fb820, 2019-02-27T10:23:43Z, 2019-05-28T10:23:43Z
CN=support-proxy.in.corp.censys.io, 93769bbf63d4695e9813757c91e5601bac08fa433e5a17a6e6db962683f767d2, 2019-01-11T12:01:42Z, 2019-04-11T12:01:42Z
CN=es-frontend-02.sfj.corp.censys.io, b52ea86ed35fdb323db58dee7ef26f4b143ebc0d4ee3a413583e102e9706e5bb, 2019-01-14T04:10:58Z, 2019-04-14T04:10:58Z
CN=nogae.in.corp.censys.io, 55f6ea51ac1f135f2196dada763fe2eb1042ceed89dca9db03d7bff3e00689f4, 2018-12-29T14:05:32Z, 2019-03-29T14:05:32Z
CN=grafana.in.corp.censys.io, c882fef3bdb5d6f765d65dddc445f043b21ab1d8d2c36fc50c8c62e4be1fa19e, 2018-12-26T23:28:46Z, 2019-03-26T23:28:46Z
CN=deployinator.in.corp.censys.io, 06c77510673613d7e4cb59f962625d7345c46450e5acc25b95839c562a74c6b2, 2019-02-27T10:23:43Z, 2019-05-28T10:23:43Z
CN=grafana.in.corp.censys.io, 56a526b38c74ae41cc1866352f9260399143f28c56a1571444b1741c1d94ee4a, 2018-12-26T23:28:46Z, 2019-03-26T23:28:46Z
CN=alertmanager.in.corp.censys.io, 5dfff97ef970a7a8e119f1938ff5044d231fae402581641553257794b7f71451, 2019-03-04T15:28:17Z, 2019-06-02T15:28:17Z
CN=kibana.es-frontend-02.sfj.corp.censys.io, 6a2ac5ce95863a1c40be5df27e93fda9a75f7b1158559fc04c7c16409d67fbca, 2019-01-14T04:10:55Z, 2019-04-14T04:10:55Z
CN=kibana.es-frontend-01.sfj.corp.censys.io, aeeffc3ac11847545ae1cdaf6d96ea2faa67083899d01205cc998908b5478ad3, 2019-01-14T04:10:57Z, 2019-04-14T04:10:57Z
CN=scheduler.sfj.corp.censys.io, 65f80030ea8d321fed93a646e44f2810f4fbf63c606f16a6f37ecc2f438a7fd3, 2019-02-08T04:42:48Z, 2019-05-09T04:42:48Z
CN=scheduler.sfj.corp.censys.io, 06aa7c18d8cf4b07c58c75e7118f4bba1f678a9223dfa1d19c78c95fd7231a2e, 2019-02-08T04:42:48Z, 2019-05-09T04:42:48Z
CN=kibana.es-frontend-01.sfj.corp.censys.io, 6dbd4a0dc55debbd924fef9f702cf122f30412e376870b9d92462d2bb01c95fb, 2019-01-14T04:10:57Z, 2019-04-14T04:10:57Z
CN=kibana.es-frontend-02.sfj.corp.censys.io, dd84fdf9b1ec9bf72a5a673d38db31331db73e8923dcec559be51018f763e060, 2019-01-14T04:10:55Z, 2019-04-14T04:10:55Z
